order_hour_of_day,average_age
0,48.99510195
1,49.12722015
2,49.10878202
3,49.52461267
4,49.58682505
5,49.6576678
6,49.28474839
7,49.65768472
8,49.5659251
9,49.4791791
10,49.42728958
11,49.36661797
12,49.44750871
13,49.43233701
14,49.48920968
15,49.35702923
16,49.45793127
17,49.51762382
18,49.61497733
19,49.56385828
20,49.48437065
21,49.62342045
22,49.4216519
23,49.60741534
