order_hour_of_day,average_income
0,99056.39426
1,99521.6068
2,99864.62619
3,99931.09613
4,101378.5849
5,101525.4385
6,100414.5482
7,100753.6173
8,99775.21884
9,98480.17942
10,98404.25904
11,98957.75902
12,99695.68297
13,99686.96547
14,99746.63243
15,100076.929
16,99919.41372
17,100119.452
18,100419.1229
19,100432.3882
20,100645.4001
21,100385.3827
22,100063.8368
23,100117.0371
